{
  "mlp_dir": "G:\\DL Big Data (Spring 2026)\\Final project\\Training\\outputs",
  "transformer_dir": "Training\\transformer_outputs_8192",
  "mlp_weight": 0.67,
  "transformer_weight": 0.32999999999999996,
  "optimize_metric": "auROC",
  "threshold": 0.5,
  "cv_mean": {
    "recall": 0.6984838282596909,
    "precision": 0.7388631803728158,
    "specificity": 0.7657798014835365,
    "f1": 0.7161956617310997,
    "auROC": 0.8041466168173234,
    "auPRC": 0.7877220016971572
  },
  "cv_std": {
    "recall": 0.035873637132779246,
    "precision": 0.040399848977375585,
    "specificity": 0.05811067131089145,
    "f1": 0.009123850920337614,
    "auROC": 0.01728562888326052,
    "auPRC": 0.014021781577742233
  }
}