{
  "fold1": {
    "auroc": 0.8136081973944531,
    "auprc": 0.7804553640111195,
    "recall": 0.7906976744186046,
    "precision": 0.7104477611940299,
    "specificity": 0.7275280898876404,
    "f1": 0.7484276729559748,
    "acc": 0.756468797564688,
    "thr": 0.4658129501342773
  },
  "fold2": {
    "auroc": 0.7716422963793725,
    "auprc": 0.7734333643680169,
    "recall": 0.8737541528239202,
    "precision": 0.6032110091743119,
    "specificity": 0.44904458598726116,
    "f1": 0.7137042062415196,
    "acc": 0.656910569105691,
    "thr": 0.19041862457990646
  },
  "fold3": {
    "auroc": 0.7819804762250806,
    "auprc": 0.7747982735092696,
    "recall": 0.7805755395683454,
    "precision": 0.6867088607594937,
    "specificity": 0.6666666666666666,
    "f1": 0.7306397306397306,
    "acc": 0.7217391304347827,
    "thr": 0.41958409249782563
  },
  "fold4": {
    "auroc": 0.8340315644810923,
    "auprc": 0.8171910119291685,
    "recall": 0.8184931506849316,
    "precision": 0.7353846153846154,
    "specificity": 0.7216828478964401,
    "f1": 0.7747163695299838,
    "acc": 0.7687188019966722,
    "thr": 0.40380305051803583
  },
  "fold5": {
    "auroc": 0.8149838183689412,
    "auprc": 0.8004966355917131,
    "recall": 0.8683274021352313,
    "precision": 0.6931818181818182,
    "specificity": 0.6236933797909407,
    "f1": 0.7709320695102686,
    "acc": 0.7447183098591549,
    "thr": 0.3521584850549697
  },
  "mean": {
    "auroc": 0.803249270569788,
    "auprc": 0.7892749298818575,
    "recall": 0.8263695839262066,
    "precision": 0.6857868129388539,
    "specificity": 0.6377231140457897,
    "f1": 0.7476840097754955,
    "acc": 0.7297111217921979
  },
  "std": {
    "auroc": 0.02299529963189149,
    "auprc": 0.016991455709964288,
    "recall": 0.03856779409210826,
    "precision": 0.04459238504135076,
    "specificity": 0.10173329860585426,
    "f1": 0.02331054821199675,
    "acc": 0.03956326866936256
  },
  "oof_overall": {
    "auroc": 0.7998506410501977,
    "auprc": 0.7821394965505012,
    "recall": 0.805230557467309,
    "precision": 0.684610883557636,
    "specificity": 0.655150351887396,
    "f1": 0.7400379506641366,
    "acc": 0.7274535809018567,
    "thr": 0.366355440557003
  },
  "global_threshold": 0.366355440557003
}