{
  "feat_mean": [
    4.1711883544921875,
    7.064185619354248,
    5.284483909606934,
    0.4373408257961273,
    0.5261934995651245,
    0.38243567943573,
    0.5467392206192017,
    1.0552611351013184,
    0.5738232135772705,
    0.7615076303482056,
    0.89881432056427,
    0.022806476801633835,
    0.018975216895341873,
    0.035504039376974106,
    0.015080243349075317,
    0.015631919726729393,
    0.018258141353726387,
    0.005113986786454916,
    0.01312133390456438,
    0.012180142104625702,
    0.0186022762209177,
    0.012607136741280556,
    0.011828616261482239,
    0.0068439338356256485,
    0.02137049287557602,
    0.02288813330233097,
    0.014921254478394985,
    0.012016692198812962,
    0.014699378982186317,
    0.03349028900265694,
    0.010855628177523613,
    0.01676013134419918,
    0.018619652837514877,
    0.006711230613291264,
    0.017662106081843376,
    0.007270770147442818,
    0.010704129934310913,
    0.011429471895098686,
    0.005064835771918297,
    0.008168237283825874,
    0.0197228342294693,
    0.04076224938035011,
    0.01302072498947382,
    0.028241870924830437,
    0.026132266968488693,
    0.03988161310553551,
    0.02117900550365448,
    0.016644956544041634,
    0.028012312948703766,
    0.007677776273339987,
    0.020223764702677727,
    0.01659121923148632,
    0.022346561774611473,
    0.015842227265238762,
    0.011485958471894264,
    0.007243918254971504,
    0.014701643027365208,
    0.028826331719756126,
    0.010836385190486908,
    0.0009597354219295084,
    0.015636036172509193,
    0.0007357402937486768,
    0.011907195672392845,
    0.010965023189783096,
    0.016975268721580505,
    0.00431432668119669,
    0.014729278162121773,
    0.0016413815319538116,
    0.012235203757882118,
    0.01305019948631525,
    0.01030645240098238,
    0.006229011807590723,
    0.021531591191887856,
    0.013788512907922268,
    0.016436366364359856
  ],
  "feat_std": [
    2.9201548099517822,
    0.6754041910171509,
    2.422361135482788,
    0.2837730944156647,
    0.06782940030097961,
    0.175269216299057,
    0.7160660624504089,
    1.5481736660003662,
    0.1047654002904892,
    1.29888916015625,
    2.1789278984069824,
    0.016878217458724976,
    0.009730987250804901,
    0.019319387152791023,
    0.010081340558826923,
    0.008403714746236801,
    0.009936559945344925,
    0.004870663397014141,
    0.007464476861059666,
    0.009328395128250122,
    0.01062848512083292,
    0.0077622211538255215,
    0.007199770770967007,
    0.006539847236126661,
    0.011982526630163193,
    0.010483644902706146,
    0.010293361730873585,
    0.008496029302477837,
    0.008969866670668125,
    0.014914404600858688,
    0.007676711771637201,
    0.010899345390498638,
    0.012285850942134857,
    0.00909828208386898,
    0.012061657384037971,
    0.00573814008384943,
    0.01120392419397831,
    0.009333710186183453,
    0.004817628767341375,
    0.005991995334625244,
    0.010684873908758163,
    0.01997777633368969,
    0.008105174638330936,
    0.017608437687158585,
    0.011501670815050602,
    0.01942015253007412,
    0.01237380038946867,
    0.008868638426065445,
    0.014787708409130573,
    0.010219532996416092,
    0.009888431057333946,
    0.010093962773680687,
    0.01397591270506382,
    0.009188517928123474,
    0.008335765451192856,
    0.005654399283230305,
    0.008113684132695198,
    0.01358823198825121,
    0.008004323579370975,
    0.0020741268526762724,
    0.009297819808125496,
    0.0017725031357258558,
    0.008220181800425053,
    0.007392568979412317,
    0.009396294131875038,
    0.004939248785376549,
    0.008610621094703674,
    0.0025602865498512983,
    0.011705311015248299,
    0.008802270516753197,
    0.009182561188936234,
    0.006620462983846664,
    0.012170867994427681,
    0.007866235449910164,
    0.010816341266036034
  ],
  "maxlen": {
    "5UTRseq": 512,
    "3UTRseq": 1024,
    "CDS_CODONS": 700
  },
  "n_rows": 3016
}